<?xml version="1.0" encoding="UTF-8"?>

<beans xmlns = "http://www.springframework.org/schema/beans"
   xmlns:xsi = "http://www.w3.org/2001/XMLSchema-instance"
   xmlns:context = "http://www.springframework.org/schema/context"
   xsi:schemaLocation = "http://www.springframework.org/schema/beans
   http://www.springframework.org/schema/beans/spring-beans-3.0.xsd
   http://www.springframework.org/schema/context
   http://www.springframework.org/schema/context/spring-context-3.0.xsd">

   <bean id = "adrs" class = "com.nusa.Address">
		<property name = "city" value ="Jakarta"/>
		<property name = "state" value ="Indonesia"/>
		<property name = "zipCode" value ="23456"/>
   </bean>

   <bean id = "std1" class = "com.nusa.Student" init-method = "myInit" destroy-method = "myDestroy">
		<property name = "id" value ="2"/>
		<property name = "name" value ="M Sholihin"/>
		<constructor-arg ref ="adrs"/>
   </bean>
   
   <!-- <bean id = "std2" class = "com.nusa.Student">
		<property name = "id" value ="3"/>
		<property name = "name" value ="Muh S"/>
		<property name = "address" value ="jakarta Pusat"/>
   </bean> -->
   
</beans>